,user,Clase,created_at,id_str,full_text,in_reply_to_status_id,in_reply_to_user_id,user.id,user_retweeters,sentiment,name,btw,st,closeness,degree,eigenvector_centrality,page_rank,har_centr
2,1329815581302853632,0,Mon Feb 01 03:41:14 +0000 2021,1356085171875958790,"@spitta1969 @IrisScarpinelli Ah joder, derechito a nuestro deltoides!! La Dra no pierde tiempo. https://t.co/C5AemKEdEc",1355984123261820938,252168075,1329815581302853632,[],Apoyo,1329815581302853632,0.0,1.0,0.2817295188556567,1.0,0.007389716765240753,7.986407834085452e-06,0.3027702299292008
4,811607948,0,Sun Feb 07 23:39:35 +0000 2021,1358561072039526400,@spitta1969 La √©pica del contraf√°ctico ü§¶‚Äç‚ôÇÔ∏è,1358556988423176192,252168075,811607948,[],Apoyo,811607948,84.06166787686959,5.0,0.2996588237102153,5.0,0.00835225259753442,1.9265841123936377e-05,0.3187276480983058
5,811960507829800960,0,Thu Jan 14 11:16:04 +0000 2021,1349676652473819136,"@spitta1969 Pero porque nos empecinamos en llamarla ‚Äúvacuna‚Äù a algo que ning√∫n ente serio aprob√≥? Llamarle sustancia o como quieran, pero vacuna? Son palabras mayores y para naciones serias y organizadas.",1349375492076535808,252168075,811960507829800960,[],Apoyo,811960507829800960,39225.262366095376,7.0,0.24053959031106012,7.0,0.000687567114356207,3.063798478284572e-05,0.2478903314553341
6,3108851163,0,Wed Jan 20 23:28:04 +0000 2021,1352035194539274254,"@spitta1969 El Anmat autorizo el suero equino cuando en el mundo esta prohibido x ser muy peligroso,como para confiar ahora en ellos!",1352021671612456961,252168075,3108851163,"['1303185099974942720', '2288939745', '1372493378', '1167510078649487361']",Apoyo,3108851163,87364.14584774079,41.0,0.31096598248887614,41.0,0.013260651568981235,0.00013432035058733003,0.32960438704490513
7,34811840,0,Mon Feb 01 21:37:59 +0000 2021,1356356145523392517,"@spitta1969 Cuantos $$$ vale tu reputaci√≥n y tu carrera cientifica para inmolarte publicamente afirmando esta pelotudez, Ana Maria?",1356256145145548802,252168075,34811840,[],Apoyo,34811840,0.0,1.0,0.25628774784603153,1.0,0.00022525800329818374,6.775232610790233e-06,0.2591165547352483
8,145493922,0,Thu Feb 04 14:06:00 +0000 2021,1357329562871492611,"@spitta1969 La ley de etica es la que los asusta a los cometeros estos, saben que terminan en Guant√°namo con mameluco naranja si osan murmurar la palabra k-omisi√≥n , por eso ahora buscan otra vacuna floja de papeles",1357285618926186499,252168075,145493922,"['851227145603092480', '299657399', '1240378500625948673', '2877314889', '4104960737', '4794814673', '2533383794', '1526404075', '315864204', '881766232927678464', '243582534', '153554698', '1021908030403878912']",Apoyo,145493922,1045118.5207940913,146.0,0.34026123602858416,146.0,0.028135607620232646,0.0005024030813792815,0.3567116725834524
10,156054222,0,Mon Jan 04 10:23:40 +0000 2021,1346039586376589312,@spitta1969 Son empleados k mandan para eso! 14 seguidores imag√≠nate!,1346003698099642368,252168075,156054222,['760963856378241024'],Apoyo,156054222,97015.17385538868,16.0,0.31346558847644,16.0,0.012395227198110849,6.177089653204553e-05,0.333573797618759
11,161859001,0,Tue Jan 12 22:03:59 +0000 2021,1349114931195600898,@spitta1969 Ja ja . Que hagan una cadena nacional y Felipe sola lo lea. O LA SE√ëORA ja ja buenisimo. Bat informeishon ( no se como se escribe),1349096586006167553,252168075,161859001,['1190406452'],Apoyo,161859001,4713.466630023126,6.0,0.30536783994362005,6.0,0.008037770582757299,2.29288150213042e-05,0.3235280199669687
12,927377684224708608,0,Sun Jan 31 21:33:28 +0000 2021,1355992620691034112,@spitta1969 Que triste...estamos muy mal.,1355984123261820938,252168075,927377684224708608,[],Apoyo,927377684224708608,414029.71620313515,21.0,0.3128369272237197,21.0,0.01196347701539003,7.066652618554257e-05,0.33105282616575615
13,960475608873684992,0,Thu Feb 04 13:08:26 +0000 2021,1357315076592701441,"@spitta1969 Joden tanto con las vacunas contra el COVID 19. Hablen de las CONTRAINDICACIONES que tienen, por el amor de DIOS!!!!
Todos nos podemos vacunar?",1357292121640865792,252168075,960475608873684992,"['2780462625', '896172180182106112']",Apoyo,960475608873684992,264161.837386663,38.0,0.2925725860904794,38.0,0.011700975846831524,0.0001332260597207267,0.3136122707078968
14,290671142,0,Thu Mar 18 00:45:12 +0000 2021,1372348326767685632,@spitta1969 Qui√©n le va a autorizar los d√≥lares para comprar vacunas??? El Banco Central lo manda a la cola y le vende U$200 por mes.,1372141009673543683,252168075,290671142,[],Apoyo,290671142,291383.10073479445,15.0,0.3080137116138001,15.0,0.01193749847254188,5.631664043825066e-05,0.3290958794130644
15,2585749633,0,Mon Feb 01 17:59:27 +0000 2021,1356301149016621063,"@spitta1969 La gente cree lo que le importa creer y cada uno tiene sus propias razones, que a veces ellos mismos desconocen. Est√° hablando para ascender laboralmente.",1356256145145548802,252168075,2585749633,[],Apoyo,2585749633,102516.1519332776,30.0,0.30155894771029557,30.0,0.011306348942705475,9.94358223790151e-05,0.32073095878211394
16,1340629915176226825,0,Sun Jan 10 00:38:22 +0000 2021,1348066618987995137,@spitta1969 Para ellos lo mejor para el pueblo cuchiflito,1347975227402297347,252168075,1340629915176226825,['1315814093589282817'],Apoyo,1340629915176226825,16712.363958599504,8.0,0.3130604413689019,8.0,0.008650152263590564,3.021420669296771e-05,0.33046914914111186
19,4531354456,0,Sun Feb 21 03:48:19 +0000 2021,1363334713621032960,"@spitta1969 Creo qu√© hay que separar los conceptos. Por un lado est√° la eficacia o no de la vaciaba y por el otro que se haya vacunado gente que no deb√≠a, en lugar de quienes  m√°s la necesitaban. Esto √∫ltimo es lo que qued√≥ en evidencia : la existencia de privilegios.",1363144411148918790,252168075,4531354456,[],Apoyo,4531354456,165.93143295377922,2.0,0.283120371714825,2.0,0.002771372282949375,1.049297492706852e-05,0.2922468439623439
20,141508805,0,Tue Feb 02 10:24:26 +0000 2021,1356549028411019266,"@spitta1969 La.ley lo puede permitir. Pero qui√©n opera los aeropuertos ? La zona de carga y descarga . Las gr√∫as en pista ?
La C√°mpora 
Si quieren  no dejan aterrizsr al avi√≥n  o lo dejan en pista hasta que pierdana cadena de fr√≠o .",1356543554710081536,252168075,141508805,"['987295945', '187278558', '858427968']",Apoyo,141508805,43767.5766590844,20.0,0.2755660137369626,20.0,0.0026202253179156087,6.91926603438573e-05,0.2805986690261767
22,202984292,0,Sun Mar 07 22:09:41 +0000 2021,1368685308213084166,"@spitta1969 Ni uno dijo algo ante los reclamos, muchos j√≥venes, que nos espera en unos picos a√±os",1368674287771652096,252168075,202984292,[],Apoyo,202984292,30055.81599994287,39.0,0.32010933806146574,39.0,0.013063890390729437,0.00012440981580958449,0.3367063841039772
23,202984292,0,Fri Feb 26 12:30:40 +0000 2021,1365278105552769025,@LupeMartin75 @spitta1969 Eso de la comprensi√≥n es tr√°gico,1365271870589829121,405924380,202984292,[],Apoyo,202984292,30055.81599994287,39.0,0.32010933806146574,39.0,0.013063890390729437,0.00012440981580958449,0.3367063841039772
24,202984292,0,Tue Feb 23 09:59:54 +0000 2021,1364153000315539456,"@spitta1969 Ayer estuvo fuera de lugar, ni ven√≠s al caso",1364143633050591234,252168075,202984292,[],Apoyo,202984292,30055.81599994287,39.0,0.32010933806146574,39.0,0.013063890390729437,0.00012440981580958449,0.3367063841039772
25,1324927863913656321,0,Sat Mar 06 17:20:30 +0000 2021,1368250145532506115,@spitta1969 Se muri√≥ porque no compraron vacunas suficientes. Resnik sos un payaso y muy est√∫pido!!!,1368216222995775491,252168075,1324927863913656321,[],Apoyo,1324927863913656321,12128.668422418124,11.0,0.29555496608435333,11.0,0.00831853195492197,3.9014537485874726e-05,0.3150345067296065
26,1207261773428068354,0,Sat Feb 06 22:10:25 +0000 2021,1358176246816002048,"@spitta1969 M√°s de un mes jugando a la ruleta rusa, y ahora festejan porque uno dice que el arma no estaba cargada.",1358066313000804355,252168075,1207261773428068354,[],Apoyo,1207261773428068354,39003.46202164871,3.0,0.23996234147422052,3.0,0.00032906868271369684,1.8865344293697247e-05,0.24685770201620785
27,1092059695383281666,0,Wed Feb 03 01:51:39 +0000 2021,1356782368808435713,@BocayP @spitta1969 No hace falta descalificar a nadie por pensar distinto. Creo hubo motivos para oponerse y desconfiar de una vacuna que no ten√≠a ninguna transparencia y donde todo era confidencial.,1356781098739597313,738868406343073796,1092059695383281666,[],Oposici√≥n,1092059695383281666,393853.8247238049,101.0,0.30533197619793295,101.0,0.019473535638823303,0.00033053087713984046,0.3258894695846352
28,1092059695383281666,0,Mon Mar 01 14:38:01 +0000 2021,1366397317142691840,"@spitta1969 Macabros los 9 muertos por violencia institucional, los centros de aislamiento en Formosa y los muertos por la inseguridad r√©cord.",1366346264959463424,252168075,1092059695383281666,[],Apoyo,1092059695383281666,393853.8247238049,101.0,0.30533197619793295,101.0,0.019473535638823303,0.00033053087713984046,0.3258894695846352
29,1092059695383281666,0,Thu Feb 18 12:56:07 +0000 2021,1362385405384019971,"@spitta1969 Perfecto, siempre con la verdad y con argumentos.",1362384844345528321,252168075,1092059695383281666,[],Apoyo,1092059695383281666,393853.8247238049,101.0,0.30533197619793295,101.0,0.019473535638823303,0.00033053087713984046,0.3258894695846352
31,2223272358,0,Tue Feb 02 19:27:02 +0000 2021,1356685579577139201,@spitta1969 Rompieron al ANMAT paea vacunar a 10 tipos.,1356600498971901952,252168075,2223272358,[],Apoyo,2223272358,4.5101592024268164,2.0,0.22189283458608114,2.0,0.00010257227838186149,1.0194418147575233e-05,0.2291764230335912
33,62979727,0,Fri Mar 05 11:42:50 +0000 2021,1367802783685083142,@spitta1969 A a√±os luz de la eficiencia y transparencia que hay en Chile. Ac√° est√°n todos los datos y el calendario de vacunaci√≥n preciso https://t.co/0yl3He0oQQ,1367605684611776515,252168075,62979727,"['2719035609', '155688427', '4328905701', '396149001', '153385018', '1216813092501426176', '290763243', '2988521818', '3432853587', '712857191796097024', '1062010454854324225', '252168075', '1065654049918337025']",Apoyo,62979727,21392.47434025001,21.0,0.3026706922378399,21.0,0.01044089009360546,6.610444326927653e-05,0.32166448905746786
34,464068963,0,Sun Jan 31 21:34:05 +0000 2021,1355992777625108481,@spitta1969 Fanatismo fascista. Espero que duren poco y no aparezcan nunca m√°s gobernando,1355828618639921153,252168075,464068963,[],Apoyo,464068963,0.0,1.0,0.2817295188556567,1.0,0.007389716765240759,7.986407834085452e-06,0.3027702299292008
35,252168075,0,Sat Jan 16 21:39:08 +0000 2021,1350558226765533191,@NicoDude Supongo que de ser as√≠ los estar√°n analizando. Qu√© tipo de efectos adversos?,1350499222039224320,24286681,252168075,[],Pregunta,252168075,270336415.4919934,8207.0,0.39222924042484714,8207.0,0.7383386102243132,0.040721817143092094,0.47830975652664326
36,252168075,0,Thu Feb 25 21:25:03 +0000 2021,1365050199383638016,@c18685900 @malakaras Autorizada x Vizzoti.,1365049358803226626,2981783609,252168075,['3109545658'],Comentario,252168075,270336415.4919934,8207.0,0.39222924042484714,8207.0,0.7383386102243132,0.040721817143092094,0.47830975652664326
37,252168075,0,Sat Jan 02 11:22:07 +0000 2021,1345329519486525440,@GustavoSRubio Las dos metas son deseables. No son excluyentes.,1345328707670581248,516997756,252168075,[],Comentario,252168075,270336415.4919934,8207.0,0.39222924042484714,8207.0,0.7383386102243132,0.040721817143092094,0.47830975652664326
38,252168075,0,Thu Mar 18 12:02:59 +0000 2021,1372518896285184004,@FerIglesias Una Fase III heterodoxa: sin controles ni evaluaciones. Bien a lo kirchnerista.,1372237225040220166,43814969,252168075,"['1019267708', '4078995195', '1355498537455378439', '861545786', '302078389', '4150981781', '896803531872755713', '922466884531998721', '2396240028', '3990609737', '760668224', '1205508649508048896', '875802429144674304', '1898600886', '893486194469871616', '141632545', '863052050044792837', '146977599', '927975778272403456', '629938352', '1106656363567042561', '4091240956', '2448691438', '121807327', '182208443', '185696583', '513735124', '2783159023', '35961319', '958770978888278023']",Apoyo,252168075,270336415.4919934,8207.0,0.39222924042484714,8207.0,0.7383386102243132,0.040721817143092094,0.47830975652664326
39,252168075,0,Thu Jan 28 19:10:25 +0000 2021,1354869459073323008,@blueandwhite Los datos presentados por AZ no alcanzan para autorizar su uso en mayores de 65. Van a seguir los ensayos y mientras tanto quiz√° se autorice para otras franjas etarias (ma√±ana). Sencillo y claro.,1354866480911937538,1861864728,252168075,[],Comentario,252168075,270336415.4919934,8207.0,0.39222924042484714,8207.0,0.7383386102243132,0.040721817143092094,0.47830975652664326
40,1043343131272462336,0,Wed Feb 24 17:33:24 +0000 2021,1364629513171333121,"@spitta1969 Por favor gente,no es quiero una vacuna y listo.Ya no se preguntan m√°s xq la EMA(Agencia Europea de Medicamentos), o la FDA de EEUU,NO APROBARON LA VACUNA RUSA.",1364596484654698501,252168075,1043343131272462336,"['4924949747', '960475608873684992', '946420979135385601']",Apoyo,1043343131272462336,151217.75212140926,38.0,0.3262173443865387,38.0,0.015605069267775303,0.000129552129303663,0.34427333661178827
41,4422267497,0,Tue Feb 23 18:04:54 +0000 2021,1364275053614034951,"@spitta1969 Sandra, queda claro que sos de otro palo, y me encanta.",1364274482760843264,252168075,4422267497,"['967145407', '891479067056361473', '299657399', '2780462625', '805521127124729857', '2759869099']",Apoyo,4422267497,923.3286552725965,8.0,0.29996538594669436,8.0,0.00878763853858765,2.790738714082417e-05,0.3193583172105965
43,3102885442,0,Sat Feb 20 21:21:29 +0000 2021,1363237360662675462,@spitta1969 Gracias Sandra por informar tan claramente!,1363116930916356098,252168075,3102885442,[],Apoyo,3102885442,24824.053862027075,11.0,0.3139779232385691,11.0,0.009371641782442496,3.844081731953846e-05,0.3315449718167285
44,35961319,0,Sat Jan 16 17:18:09 +0000 2021,1350492551057444865,"@spitta1969 El lobby por la vacuna rusa, la nueva bandera de la militancia",1350482904074358786,252168075,35961319,"['2320398771', '1304220431860338690', '4078995195', '153855929', '375913051', '1062010454854324225', '605557538', '1155263097101312002', '423416900', '252168075']",Apoyo,35961319,206891.95774454472,70.0,0.30997726658505953,70.0,0.018082088126322646,0.00022445890962385784,0.3297261895788197
45,213751459,0,Wed Jan 27 15:02:31 +0000 2021,1354444682311380992,"@spitta1969 El Ministerio de Salud de la Naci√≥n es el √∫nico autorizado para ello, por ahora. Por eso, aunque quisieran comprarlas directamente, no podr√≠an. Argentina, un lugar.",1354434797259657216,252168075,213751459,[],Apoyo,213751459,1004.647022744766,6.0,0.26962167095328965,6.0,0.0012388445526189742,2.1666617699008898e-05,0.2738637845651183
47,1121417863623917568,0,Mon Mar 15 17:49:41 +0000 2021,1371518983829086209,"@spitta1969 Formosa, tierra de amor y cari√±o hacia la gente...Parrr favarrrrr @alferdez",1371517960699920385,252168075,1121417863623917568,['1302764985605648384'],Apoyo,1121417863623917568,0.0,1.0,0.2371460019581253,1.0,0.00012522037501297274,7.63308020569913e-06,0.24347792099751417
49,885711979343687680,0,Thu Feb 04 22:47:35 +0000 2021,1357460823782936576,"@spitta1969 Est√° hablando para los subnormales que los votan nada m√°s. A esos no les importan los hechos, si tienen la cabeza de adorno... Solo hacen los deditos y siguen haciendo pozos en la tierra para el ba√±o.",1357285618926186499,252168075,885711979343687680,['849675878061793285'],Apoyo,885711979343687680,0.0,1.0,0.2332942485552591,1.0,0.00011001286827109883,7.029335973356381e-06,0.24008019265063388
50,1346497737748078594,0,Tue Feb 02 22:23:42 +0000 2021,1356730038020890626,@Gatodel41 @Jimmy_Insanity @OcdulioZedrn @spitta1969 @Damin31636560 cerebro?Las kukarachas tienen ? no sabia...Ponetela vos...la vacuna rusa,1356669381179277314,1186080397626658816,1346497737748078594,[],Apoyo,1346497737748078594,10381.235422984919,17.0,0.2824764222695467,17.0,0.01043757653189255,5.373719196678874e-05,0.3041831632524844
51,1346497737748078594,0,Tue Feb 02 13:55:36 +0000 2021,1356602170137849856,"@spitta1969 y ud cree vendra?Se quedo cn la cometa y ahora  tiene el visto bueno?cosa q habria q ver, putin se va a vendersela al pederasta  d Biden.....",1356600498971901952,252168075,1346497737748078594,[],Apoyo,1346497737748078594,10381.235422984919,17.0,0.2824764222695467,17.0,0.01043757653189255,5.373719196678874e-05,0.3041831632524844
53,1111696053416443904,0,Mon Feb 22 02:11:04 +0000 2021,1363672624753180673,@spitta1969 @PeroniaRepublic Ja ja. Se la ivan a perder.,1363606213796261889,252168075,1111696053416443904,[],Apoyo,1111696053416443904,0.0,1.0,0.27173905469343385,1.0,0.00041210042875300433,6.846847672669678e-06,0.2755215493569963
55,1337480038627864577,0,Wed Mar 10 18:53:21 +0000 2021,1369723065681207296,@spitta1969 El asno ese solo entiende que a fin de mes este la de √©l,1369717701002866690,252168075,1337480038627864577,"['1132084412068368384', '1233264558707527681', '247929216', '1021908030403878912', '161197918']",Apoyo,1337480038627864577,33477.23254698594,15.0,0.30540371211527917,15.0,0.012035654410159134,5.318419346789207e-05,0.32712974961080893
56,737702585277222912,0,Wed Feb 10 17:12:11 +0000 2021,1359550746333700100,"@spitta1969 solo hay  una vieja mal cogida sandri pitti ,qconstantemente sube boludeces a Twitter junto a otro cabeza de termo  el pipi",1359471816448897025,252168075,737702585277222912,[],Apoyo,737702585277222912,39120.89722622282,3.0,0.27730214036834244,3.0,0.0004898685580817099,1.744189702726433e-05,0.2812641559551319
57,737702585277222912,0,Tue Jan 12 20:15:13 +0000 2021,1349087557884276742,"@lolapipi35 @spitta1969 Q le avisen a los intendentes de cambiemos ,al parecer √±a chiflada de pitta y 5 o 10 boluditos mas piensan eso https://t.co/8P6hCCmtzR",1349080630613712896,4190050517,737702585277222912,[],Comentario,737702585277222912,39120.89722622282,3.0,0.27730214036834244,3.0,0.0004898685580817099,1.744189702726433e-05,0.2812641559551319
58,1272682283259101185,0,Wed Mar 10 23:32:54 +0000 2021,1369793417174261762,"@spitta1969 @StoccoSabina Pero Sandra, no vas a andar pidiendo LEGALIDAD al kirchnerismo.",1369743263914135553,252168075,1272682283259101185,[],Apoyo,1272682283259101185,334.5402197117469,4.0,0.27321068265889475,4.0,0.000873737435133928,1.5787666241578653e-05,0.27733859668648686
59,145423533,0,Sun Mar 07 11:31:29 +0000 2021,1368524700687728645,@spitta1969 @ernestorr como esta compa√±ero!!. Buen dia!! hoy podria ser un dia peronista. Se podr√≠an morir en masa y agusanados vos como capit√°n .Basura y media. El desastre q estan haciendo no se mide con dialogo se mide colgados en la plaza.Superaron todo lo imaginable. Aguantensela ahora,1368216222995775491,252168075,145423533,[],Apoyo,145423533,3608.7031738237547,2.0,0.30402750491159136,2.0,0.010017638942984936,1.205106064867865e-05,0.3252034030526802
60,1308513159171407880,0,Mon Jan 04 15:13:31 +0000 2021,1346112532264742913,"@spitta1969 En un pa√≠s democr√°tico no es normal que haya ej√©rcitos de militantes cient√≠ficos, m√©dicos e infect√≥logos. S√≠, en pa√≠ses donde hay dictaduras.",1345900170786074628,252168075,1308513159171407880,"['312707665', '1099795954708959235', '1023341334994796544', '1601735905', '1252546603849826305', '261977032', '947946508174884867', '1051021057', '1236817840021417984', '2730215907', '851227145603092480', '1291800585042305026', '2810383001', '1222510356154789895', '3804080657', '1414199240', '3083253505', '190032895', '1196548869619953671', '618650280', '252168075']",Apoyo,1308513159171407880,156534.37066993408,36.0,0.31661375833204786,36.0,0.01196470358382971,0.0001236994961396676,0.3340929539986364
61,1308513159171407880,0,Wed Jan 27 19:18:07 +0000 2021,1354509007994687489,"@spitta1969 @Juan79407977 Nadie se anima a criticar al gobierno por no haber comprado otras vacunas, porque es el due√±o del l√°tigo y la billetera. Ya no somos ciudadanos Sandra, somos esclavos del r√©gimen.",1354434797259657216,252168075,1308513159171407880,"['159486968', '1148765318220865539', '1211838334202335233']",Apoyo,1308513159171407880,156534.37066993408,36.0,0.31661375833204786,36.0,0.01196470358382971,0.0001236994961396676,0.3340929539986364
62,2947569093,0,Wed Jan 27 14:30:35 +0000 2021,1354436645286719492,"@spitta1969 Yo hace un tiempo me hice la misma pregunta, porqu√© no est√° en disponible para ser comprada , no espero nada de pre pagas , solo quiero tener la posibilidad de darles a mis mayores una VACUNA, con respaldo!!las grandes cadenas de Farmacias deben y pueden hacerlo!",1354434797259657216,252168075,2947569093,"['2296379731', '2985850271']",Apoyo,2947569093,0.0,3.0,0.2956849424128231,3.0,0.007900270495793936,1.3405711325941855e-05,0.3151056977980585
63,523977958,0,Wed Feb 03 18:48:35 +0000 2021,1357038288951984134,@spitta1969 @Bronto641 Ufff al √°ngulo!!!,1357032557016199177,252168075,523977958,[],Apoyo,523977958,29631.262397854665,4.0,0.3042196166537948,4.0,0.010075064959020814,2.0652431592470345e-05,0.3254789543646911
64,2407572261,0,Sat Feb 20 16:54:48 +0000 2021,1363170249449889792,@spitta1969 Se est√° cumpliendo mi deseo.  Despu√©s veremos cu√°les son las consecuencias de la vacuna. L√°stima que alg√∫n ciudadano honesto caiga en la volteada (l√©ase efectos adversos de la vacuna),1363144411148918790,252168075,2407572261,"['1290798851788623874', '863052050044792837', '1167510078649487361', '1129083951354658818', '4924949747', '896527330910318592', '897614167854776320']",Apoyo,2407572261,15599.752367778281,14.0,0.3050954865865012,14.0,0.011608300891247893,5.012366088449603e-05,0.32676374376476597
66,2249096742,0,Wed Mar 17 01:02:05 +0000 2021,1371990185227980806,"@spitta1969 @EdVEscobar Dec√≠ c√≥mo, si es posible, apoyamos.",1371972284290887680,252168075,2249096742,[],Apoyo,2249096742,74076.89541141313,14.0,0.3042860821323512,14.0,0.010973212754010224,5.2434192844855746e-05,0.32566782008158573
67,2284297460,0,Wed Feb 24 15:26:22 +0000 2021,1364597547151613956,"@spitta1969 Encomendemonos a Dios, Ala, Buda o al Gauchito Gil https://t.co/JCLSajjUQd",1364596484654698501,252168075,2284297460,[],Apoyo,2284297460,1302.9934465345002,12.0,0.29628025709987693,12.0,0.00896348612175395,4.376268319167707e-05,0.3159017814517508
68,999002735520468992,0,Mon Mar 15 18:34:42 +0000 2021,1371530311444668421,@spitta1969 Definitivamente es un mentiroso CONTUMAZ.,1371517960699920385,252168075,999002735520468992,[],Apoyo,999002735520468992,241443.20178307177,47.0,0.3085376563575514,47.0,0.01360067649269841,0.00016556632911305443,0.3274778081286903
69,1290051460810629122,0,Mon Mar 08 20:30:04 +0000 2021,1369022627046690817,@spitta1969 Europa aconseja no a la Sputnik,1369022361513689090,252168075,1290051460810629122,[],Apoyo,1290051460810629122,39026.27242661572,4.0,0.24758899604462023,4.0,0.0006085488859280594,1.8406537502596058e-05,0.2541575982807085
70,1090029548257857536,0,Tue Feb 09 13:28:43 +0000 2021,1359132121135251457,@spitta1969 Imaginemos un pa√≠s sin K!! Se le llama Paraiso,1358556988423176192,252168075,1090029548257857536,[],Apoyo,1090029548257857536,0.0,1.0,0.2817295188556567,1.0,0.007389716765240753,7.986407834085452e-06,0.3027702299292008
72,1239291711299428353,0,Mon Feb 22 23:37:34 +0000 2021,1363996386061131777,"@spitta1969 Sandra viendo la lista con Guzm√°n, Duhalde, Taiana, Valdez, DePedro, Massa, Moyano...los CARA DE PIEDRA DICEN QUE NO SABIAN NADA Y ACTUAN INDIGNADOS!

VIZZOTTI NO SABIA PERO TOOOOODOOOS LOS DEMAS SI?

ALBERTO NO SABIA PERO HASTA LA SECRETARIA DE GUZMAN SI?

TIENEN QUE RENUNCIAR!",1363976191485616130,252168075,1239291711299428353,[],Apoyo,1239291711299428353,3773.081900238574,7.0,0.3093698682300302,7.0,0.00862336367222767,2.774619469100515e-05,0.3272810455874003
73,484349869,0,Mon Mar 08 20:21:25 +0000 2021,1369020452845281283,@spitta1969 Efecto propaganda mata ciencia... https://t.co/goJwyQWn7z,1369018527982714896,252168075,484349869,[],Apoyo,484349869,893971.5237828444,142.0,0.3072250714944104,142.0,0.023877675195298844,0.00048436422152476765,0.3284610824153095
74,484349869,0,Tue Feb 23 19:46:38 +0000 2021,1364300654638940166,"@spitta1969 Qu√© desmiente? Todo es real. Fue y es un negociado. La compraron con NUESTRA plata antes de terminar fase 3. Cuando tuvieron data de confirmaci√≥n no la hicieron p√∫blica. Se vacunaron solo cuando quisieron, no cuando les correspond√≠a. End",1364299064205062148,252168075,484349869,['566730911'],Apoyo,484349869,893971.5237828444,142.0,0.3072250714944104,142.0,0.023877675195298844,0.00048436422152476765,0.3284610824153095
76,510740590,0,Thu Jan 14 20:26:44 +0000 2021,1349815232521187330,"@spitta1969 Las autoridades brasileras son cautas (al rev√©s que las de ac√°). Y est√°n estudiando la vacuna china antes de aplicarla masivamente. Eso es responsabilidad. No como ese triunfalismo irresponsable de nuestras autoridades, que ""milita"" una vacuna en vez de estudiarla",1349676492884738050,252168075,510740590,"['312707665', '148220163', '41355007', '1309590835009388545', '3338058844', '994585207599718400', '4438097895', '3188393710', '488449754', '408954283', '1099507819680800768', '252168075']",Apoyo,510740590,7591071.094048666,384.0,0.36795523810422426,384.0,0.06565051490998881,0.0012677055347183844,0.38902383285559106
77,172417422,0,Thu Jan 21 01:20:12 +0000 2021,1352063413384523776,@spitta1969 @jcs_58 Qu√© verg√ºenza y cu√°nto miedo üò®,1352021671612456961,252168075,172417422,['1167510078649487361'],Apoyo,172417422,4862.329331390398,5.0,0.3048188533239536,5.0,0.010634499548053766,2.0766345198603667e-05,0.32627964449928815
78,3107864708,0,Mon Jan 04 08:02:44 +0000 2021,1346004121946611713,"@spitta1969 Les duele y ya no saben que hacer , son unos infelices",1346003698099642368,252168075,3107864708,[],Apoyo,3107864708,40068.98458049357,13.0,0.3003928516407333,13.0,0.009286404003789009,4.620334171077025e-05,0.3198729867584068
79,2229279600,0,Mon Mar 15 20:06:54 +0000 2021,1371553515118723081,"@spitta1969 Yo quisiera que me vacunaran con AZ (o Covishield, que tbn es AZ)...",1371490622968897542,252168075,2229279600,[],Apoyo,2229279600,159288.9321970668,38.0,0.3224171572193928,38.0,0.014888412926852933,0.00011994360649703967,0.34140230252261744
80,1426566756,0,Wed Jan 27 15:10:26 +0000 2021,1354446676975624196,"@spitta1969 La Gestapo peronista, si la compra CABA  al pelado le comen el h√≠gado",1354434797259657216,252168075,1426566756,['880131424061468672'],Apoyo,1426566756,3865.7494320817095,8.0,0.2956378688176608,8.0,0.008290693234859505,2.9544455572276437e-05,0.3150860155614864
81,1342088166,0,Tue Feb 23 16:13:50 +0000 2021,1364247103925534723,"@spitta1969 Carrio cada dia mas tonta, una decepcion...a veces trabaja en contra....",1364143633050591234,252168075,1342088166,[],Apoyo,1342088166,0.0,1.0,0.22842131159063753,1.0,0.00012363708574354864,6.614308785610254e-06,0.23511912239955374
82,962815988336119810,0,Tue Feb 23 15:38:40 +0000 2021,1364238251633041419,"@spitta1969 Son mentirosos, dan vuelta las cosas, son despreciables.",1364231041330913282,252168075,962815988336119810,['217467287'],Apoyo,962815988336119810,0.0,1.0,0.2230145885636184,1.0,0.00015793063105019487,6.778775314351024e-06,0.2308255431957518
83,152398844,0,Sun Jan 31 10:45:13 +0000 2021,1355829481475350533,@spitta1969 Es amor al dinero de los contribuyentes Nunca ganaron tanto como ahora.,1355828618639921153,252168075,152398844,"['396312747', '1129083951354658818', '1240378500625948673', '290763243', '846517759']",Apoyo,152398844,478.1866430669372,5.0,0.27355949324466516,5.0,0.001002687805046809,1.7742052624810583e-05,0.277732420891211
84,70596691,0,Thu Jan 21 19:53:07 +0000 2021,1352343488273199109,@spitta1969 C√≥mo el aloe vera. Tolosa los d√≠as le encuentran una propiedad nueva.,1352342017037185031,252168075,70596691,[],Apoyo,70596691,0.0,1.0,0.22203054008813583,1.0,9.834273863966583e-05,6.687537560459844e-06,0.22928494454466158
85,1865275226,0,Fri Jan 29 12:54:48 +0000 2021,1355137318189993984,@spitta1969 Exactamente!  Esa era la ‚Äúcondici√≥n inaceptable‚Äù,1355107341486723073,252168075,1865275226,[],Apoyo,1865275226,11.777351149596859,3.0,0.25780924614743855,3.0,0.0005027970889773318,1.1691993618417127e-05,0.26104919282896133
86,1030600807094382592,0,Wed Feb 24 15:32:13 +0000 2021,1364599019440373770,"@spitta1969 @GracielaE79 Y agregar√≠a a tu nota el tema de la conservaci√≥n de la vacuna en Argentina, me parece a mi que deja mucho que desear.",1364558106957651969,252168075,1030600807094382592,[],Apoyo,1030600807094382592,38.13719527191892,2.0,0.247088565889017,2.0,0.0003852225648469107,9.848810374410862e-06,0.2529074472240236
87,183031741,0,Mon Mar 01 14:03:00 +0000 2021,1366388506076004357,@spitta1969 Imag√≠nate lo q le dar√≠an a CFK en Francia..... https://t.co/faZmSgYyBG,1366184847430078464,252168075,183031741,[],Apoyo,183031741,11.928084656318548,2.0,0.23417542890427492,2.0,0.0001609030651057463,1.0742206195360333e-05,0.2411305899446643
88,145010134,0,Mon Jan 11 14:41:56 +0000 2021,1348641297574350849,"@spitta1969 @ClauDeLellis ¬øNadie, de m√≠nimas, est√° haciendo el seguimiento de ""los vacunados""?
Le√≠ gente que reportaba efectos indeseados, decir QUE YA HAB√çA TENIDO COVID 19 ¬øPara qu√© la vacunaron?
Todo esto es grav√≠simo.",1348614101791080448,252168075,145010134,[],Apoyo,145010134,379606.4494379146,88.0,0.3238200418507324,88.0,0.019967408119567272,0.00028001825183197844,0.3410765585161349
89,145010134,0,Thu Mar 11 13:33:59 +0000 2021,1370005080896847874,"@norabar Mas que una analista de ciencia, parece una visitadora del laboratorio Gamaleya. Si todo transcurriera por los rieles adecuados, no necesitar√≠a hacer estos papelones.",1369632284836585475,130979339,145010134,[],Oposici√≥n,145010134,379606.4494379146,88.0,0.3238200418507324,88.0,0.019967408119567272,0.00028001825183197844,0.3410765585161349
90,918893305664098304,0,Thu Mar 11 11:20:14 +0000 2021,1369971422609760258,@spitta1969 Porque son garcas!!!!! Jam√†s van a ir por derecha,1369970208828502016,252168075,918893305664098304,"['247929216', '857037983874248704', '1167510078649487361', '2581330777', '1873925863']",Apoyo,918893305664098304,112260.54790657533,33.0,0.30779248454999647,33.0,0.006059196916436423,0.00010282330141715166,0.3115914314669798
91,140374618,0,Wed Feb 24 01:09:08 +0000 2021,1364381814320676867,@spitta1969 Estimada S.Pitta....no se gaste....esta en trance https://t.co/Cw7AAWw8y1,1364274482760843264,252168075,140374618,['4220072895'],Apoyo,140374618,0.0,2.0,0.2847306897583984,2.0,0.0077686016159523264,1.0508752025305931e-05,0.3057740742468879
92,1180936849,0,Mon Jan 04 23:56:45 +0000 2021,1346244206763909125,"@spitta1969 Escuch√© a la Dra Cohen decir que la √∫nica soluci√≥n es testear a toda la poblaci√≥n, con los test r√°pidos, porque el 80% de la gente es asintom√°tica. Que la positividad de los tests tiene que ser inferior al 10%",1346207178487705606,252168075,1180936849,"['32693346', '1070828803713306624']",Apoyo,1180936849,11031.062466484052,12.0,0.3045355865494245,12.0,0.011498461611014142,4.1172058780334114e-05,0.32601958771394013
93,4470440536,0,Sat Mar 06 15:22:23 +0000 2021,1368220423712817152,"@spitta1969 es dificil que pueda volver de esta. Si estaba esperando ser nombrado a algo, que se olvide. Como muchos discipulos k, es un cobarde que se hace el torito detras de su cuenta cerrada con candado.",1368216222995775491,252168075,4470440536,[],Apoyo,4470440536,100351.9983763995,67.0,0.3139855072463768,67.0,0.018574222870096867,0.00020314116624836642,0.3326023685687437
96,542672934,0,Mon Feb 15 14:15:48 +0000 2021,1361318295249555462,@spitta1969 Un asquerosa impresentable...,1361268224629866498,252168075,542672934,[],Apoyo,542672934,0.0,1.0,0.2546144253432662,1.0,0.0002894329211297841,6.5164356987384515e-06,0.2611387400259642
97,153552401,0,Mon Feb 22 22:50:40 +0000 2021,1363984581205102592,@spitta1969 O sea ....llegamos a la ‚Äúimpunidad ‚Äú de reba√±o ???,1363976191485616130,252168075,153552401,"['153152549', '3028344783', '175486366', '1566766766', '312707665', '1270104557939499008', '178034055', '1489157580', '1274004600429989888', '1200238258845888512', '147724414', '1343316321585475585', '1883002004', '299375176', '2301350815', '414395447', '171501702', '903240108828221440', '37671866', '1305988874313838592', '1266704103285108737', '63346632', '252168075']",Apoyo,153552401,91539.95771799663,23.0,0.2850616219061125,23.0,0.009593408782154011,8.061752343383252e-05,0.30643238224457675
98,869206764704731136,0,Sun Feb 28 09:12:31 +0000 2021,1365953013949456385,"@spitta1969 Sandra mira el perfil de la ""do√±a""... est√° todo dicho."" De-ce-re-bra-düí©.. o fe-ne-fi-cia-düí©__  tan tanüé∂",1365686395789017093,252168075,869206764704731136,[],Apoyo,869206764704731136,292615.4558666158,57.0,0.2960418437993441,57.0,0.012353116764834847,0.00019081350608962102,0.3168816756582374
100,1299899337087033345,0,Wed Mar 10 14:35:38 +0000 2021,1369658207673716741,@spitta1969 La crota piensa q ‚Äúen otros pa√≠ses‚Äù es causal de despido el hecho de pensar distinto.  Naturalizaci√≥n de la Dictadura del pensamiento √∫nico,1369656780930899970,252168075,1299899337087033345,[],Apoyo,1299899337087033345,49.890216163376415,2.0,0.25462273760087756,2.0,0.00036477463914000346,1.0649104028067287e-05,0.2611659601403726
101,939907866894401536,0,Tue Mar 16 12:06:43 +0000 2021,1371795058404507654,"@spitta1969 A ver si este a√±o dec√≠s una verdad , no te preocupes es solo una, Alverso dale, que podes",1371517960699920385,252168075,939907866894401536,['1302764985605648384'],Apoyo,939907866894401536,3159.6447356860294,6.0,0.28444201312910283,6.0,0.0077354181437238444,2.4798209040995216e-05,0.30552071779739703
102,886020561989718016,0,Sun Jan 31 13:24:38 +0000 2021,1355869601096232960,"@spitta1969 @Romanit09556329 ""Billetera,mata cient√≠ficos expertos en inmunologia...Y DIGNIDAD...""",1355828618639921153,252168075,886020561989718016,"['1129083951354658818', '2812413150', '1240378500625948673', '762686650715701248', '185743772', '2904498017']",Apoyo,886020561989718016,853.0032130029709,7.0,0.2599748005039899,7.0,0.0012867458023095417,2.368064851101731e-05,0.2646778334943528
103,2468581307,0,Thu Jan 28 17:57:30 +0000 2021,1354851108951384065,"@spitta1969 No pueden obligar a nadie a vacunarse, y menos con la truchada que trajeron. Pero nuestros cient√≠ficos de cart√≥n corrugado son as√≠ de improvizados y manipuladores seriales.",1354823191282114563,252168075,2468581307,"['1303533756570120192', '1188801412337225729', '1240378500625948673']",Apoyo,2468581307,1704.9327337112056,7.0,0.27506259918885556,7.0,0.0013477194296934085,2.525340110294661e-05,0.2796671428691437
104,2377961704,0,Sat Mar 06 15:13:00 +0000 2021,1368218058289016836,"@spitta1969 @lavivi37 Yo soy totalmente anti vacunas, sin papeles serios, no me voy a vacunar pese a ser enfermo Epoc, ya curse mi covid asintom√°tico, confirmando que mi cuerpo a√∫n quiere vivir. Mi vacuna la deben recibir los que est√°n expuestos y con riesgo",1367934913148780548,252168075,2377961704,[],Apoyo,2377961704,0.0,1.0,0.25675684572993684,1.0,0.00020261955560606424,6.834381604307887e-06,0.26205366490440324
106,973491850530164736,0,Tue Feb 23 20:40:26 +0000 2021,1364314193730695170,@spitta1969 Q me perdone lilita !!! Derrapo feo !!!perdio mi confianza !!!Chauuuuu,1364143633050591234,252168075,973491850530164736,[],Apoyo,973491850530164736,57.860047115082395,4.0,0.28472653198309034,4.0,0.007934509704192651,1.6549991057077184e-05,0.3058670414068674
107,1272713534078619648,0,Thu Feb 25 18:08:15 +0000 2021,1365000671812935681,@spitta1969 @LorenaStirparo Gracias Sandra! Te iba a preguntar porque ma√±ana se la dan a mi papi de 89 ü•∞,1364995235340644355,252168075,1272713534078619648,[],Apoyo,1272713534078619648,703144.8203829684,134.0,0.3237635845876678,134.0,0.022615788344140395,0.0004574293397012997,0.3404750837243505
108,1250601378872991745,0,Mon Feb 01 15:27:23 +0000 2021,1356262878941224963,@spitta1969 @AlberPiter C√≥mo duele Argentina minuto a minuto con estos #IgnorantesConPoder desmanejando todo,1356256145145548802,252168075,1250601378872991745,"['1071973252774404096', '2727793318', '758118002', '33350532', '20094899', '290763243']",Apoyo,1250601378872991745,42984.35006188092,14.0,0.26173537189417023,14.0,0.0018711555411019833,5.0741617159641155e-05,0.26689696079952546
109,1099369944960110592,0,Tue Jan 05 01:03:28 +0000 2021,1346260994985746432,@spitta1969 Garrote garrote y garrote Sandra !!!,1346207178487705606,252168075,1099369944960110592,[],Apoyo,1099369944960110592,0.0,1.0,0.2817295188556567,1.0,0.007389716765240751,7.986407834085452e-06,0.3027702299292008
110,1399456345,0,Tue Jan 26 12:46:09 +0000 2021,1354047979506839558,@spitta1969 @inesita64_ No tenemos ninguna vacuna,1354024463503941632,252168075,1399456345,['1399456345'],Apoyo,1399456345,89435.36075281355,36.0,0.30563349373795007,36.0,0.01401227126298417,0.00011525297480695902,0.3276201304411518
111,2649013430,0,Tue Feb 16 22:16:41 +0000 2021,1361801700915429376,@spitta1969 Gracias sandra por tu valent√≠a y por  brindar tu conocimiento cient√≠fico,1361779137946476555,252168075,2649013430,"['1139915673151451136', '247929216']",Apoyo,2649013430,375.59835466711104,3.0,0.24174741031410985,3.0,0.00029161957408777316,1.389288587166381e-05,0.24797139355429318
112,1211089022103064576,0,Wed Jan 27 20:33:03 +0000 2021,1354527865069592582,@spitta1969 @MarulaG2015 Ahora yo digo se van con un avion a Rusia para traer 230000 vacunas solamente con lo que le sale al estado  la log√≠stica.. ac√° se va armar un l√≠o terrible si no hay vacunas en 6 meses que el gob. Diga  que no hay U$S para comprarla...es decir NO HABRA VACUNAS PARA TODOS,1354434797259657216,252168075,1211089022103064576,[],Apoyo,1211089022103064576,6.634814095120202,2.0,0.24798890959154993,2.0,0.0003117479982412829,9.619200012107307e-06,0.25325305294037204
114,281644571,0,Sun Jan 31 18:41:45 +0000 2021,1355949407108276228,@spitta1969 @Cleptocracia20 El miedo no es zonzo,1355828618639921153,252168075,281644571,['396312747'],Apoyo,281644571,0.0,1.0,0.27173905469343385,1.0,0.00041210042875300466,6.846847672669678e-06,0.2755215493569963
115,135959915,0,Wed Feb 17 09:50:29 +0000 2021,1361976301071060992,"@spitta1969 @alfoanag Ni ese es un logro, les prometieron 20 millones y siguen esperando, encima es cara",1361779137946476555,252168075,135959915,['147267819'],Apoyo,135959915,730.2236499994827,10.0,0.23949664985966873,10.0,0.0008443715023036329,3.557451217923527e-05,0.24674516229776963
117,1231257889945391104,1,Mon Jan 11 15:11:25 +0000 2021,1348648716262125579,@ernestorr @jorgehalperin Las obras sociales no est√°n haciendo hisopados...Habr√° que intervenirlas...Colapsar√°n al hospital p√∫blico..!!,1348371397979082757,73102744,1231257889945391104,[],Comentario,1231257889945391104,0.0,1.0,0.23730329694402863,1.0,0.0002717518085769782,9.141906264292187e-06,0.24456803174051672
118,1231257889945391104,1,Sat Feb 06 18:24:16 +0000 2021,1358119335575846919,"@ernestorr @tunykollmann A Latinoamerica solo llegar√°n vacunas de Rusia y China los Laboratorios del Norte son financieras de los fondos buitres que solo negocian con el entorno de Wall Street..!
@Sietecase @FernandezAnibal @HugoYasky @gabrielmorini @FlaviaFrejman @aleberco @leonpiasek",1358094824239464453,73102744,1231257889945391104,[],Apoyo,1231257889945391104,0.0,1.0,0.23730329694402863,1.0,0.0002717518085769782,9.141906264292187e-06,0.24456803174051672
119,1212718019849248768,1,Wed Mar 10 02:03:22 +0000 2021,1369468892930772992,"@rquiroga777 @ernestorr Firmado!
Que  bloquee a todos los militantes del odio.",1369304336195612678,367933714,1212718019849248768,[],Apoyo,1212718019849248768,3720.584860773538,7.0,0.3163286826735886,7.0,0.02265224921187449,3.323250330383456e-05,0.3334833131725141
120,1172610671965548545,1,Thu Jan 21 03:30:12 +0000 2021,1352096130037919746,"@NicoOlsze No responden @gcba 
@HoracioLarreta 
@FernanQuirosBA 
Sin respuesta!!!!!",1352056103757094916,2687724840,1172610671965548545,"['3421061763', '1172610671965548545']",Apoyo,1172610671965548545,292508.69035030546,31.0,0.3391367869970171,31.0,0.04792782240587445,0.00013410703188756372,0.36509675404638153
121,202824848,1,Sat Jan 30 12:15:39 +0000 2021,1355489854948323329,"@NicoOlsze Nico,  gracias a este tweet me di cuenta que ese caradura ex secretario que denigro nuestra labor como personal de salud me bloqueo. Se ve se canso le cante las 40 cada dia...",1355245717225402370,2687724840,202824848,[],Apoyo,202824848,9398.36629877463,9.0,0.3170590913525643,9.0,0.023024228548159796,4.0250259202548554e-05,0.33534038304387126
122,202824848,1,Sat Mar 06 23:29:55 +0000 2021,1368343115191422978,"@ernestorr @LANACION Total apoyo Ernesto. Ese medio dejo hace mucho de dar informacion, solo es una burda opereta disfrazada del ex presidente  para generar caos. Ojala todo en la vida vuelva, porque les espera el olvido, y a vos todo el reconocimiento de la labor",1368314581592981505,73102744,202824848,[],Apoyo,202824848,9398.36629877463,9.0,0.3170590913525643,9.0,0.023024228548159796,4.0250259202548554e-05,0.33534038304387126
123,341154704,1,Sat Mar 06 21:41:20 +0000 2021,1368315789472919552,@ernestorr @LANACION Siempre del lado Resnik de la vida. Te banco por hacer docencia y tratar de cuidar a los dem√°s üëèüèøüëèüèøüëèüèøüëèüèøüëèüèø,1368314581592981505,73102744,341154704,[],Apoyo,341154704,16751.992697599617,2.0,0.28916439889960777,2.0,0.01335041062607788,1.5122535285650247e-05,0.3108689019465608
124,2693592596,1,Fri Feb 26 00:57:48 +0000 2021,1365103737312796672,@ernestorr Excelente como siempre. Para meditar.,1365098631007784963,73102744,2693592596,[],Apoyo,2693592596,15273.215637915544,6.0,0.29225027541086807,6.0,0.016347926509986337,3.114932830951416e-05,0.3096931425651718
125,148031006,1,Sat Feb 06 17:38:11 +0000 2021,1358107736018481152,"@ernestorr Asi es, manga de hip√≥critas todos. Y ahora nosotros que fuimos los primeros en Latinoamerica en recibirlas estamos a la cola del furg√≥n. Hay que satisfacer a la demanda internacional y Rusia nos traiciona",1358053277796085764,73102744,148031006,[],Apoyo,148031006,4694.022010480767,2.0,0.3041650417284143,2.0,0.019740535082086598,1.3741672241363927e-05,0.32410601367102854
126,148031006,1,Mon Mar 15 16:34:23 +0000 2021,1371500029878341637,"@FabBallarini Jajajaja, quien hizo ese tablero?",1371426706314117124,593189095,148031006,[],Oposici√≥n,148031006,4694.022010480767,2.0,0.3041650417284143,2.0,0.019740535082086598,1.3741672241363927e-05,0.32410601367102854
129,837186873143488514,1,Mon Jan 04 05:56:43 +0000 2021,1345972406171676673,"@ernestorr Me ""encanta"" como las sarasa de los testeos (que pocos, que muchos) les sirve de comod√≠n para rehuirle a las evidencias.",1345927305064050688,73102744,837186873143488514,[],Apoyo,837186873143488514,535464.1007812882,52.0,0.332775819843498,52.0,0.045167397719173566,0.0002321386002294602,0.35714387415824
130,1002260764747616260,1,Wed Jan 13 13:33:45 +0000 2021,1349348914336567296,@NicoOlsze Y a √©l podemos compararlo con el Dipy: opina sin saber de que habla.,1349327184842936322,2687724840,1002260764747616260,[],Apoyo,1002260764747616260,0.0,1.0,0.2401293103448276,1.0,0.0002260459034596482,7.930608523434035e-06,0.24557628272553542
131,1241874768569274368,1,Sat Mar 13 18:12:28 +0000 2021,1370799941245931521,@ernestorr @soyladeltango O hubi√©semos tenido que entregar el pa√≠s como qued√≥ expresado en el contrato que pfizer pretend√≠a que firm√°ramos,1370752764696010765,73102744,1241874768569274368,[],Apoyo,1241874768569274368,491.8064365244343,2.0,0.2707711321881379,2.0,0.00976551632011889,1.2560642396358835e-05,0.28657542843269923
132,3017809004,1,Wed Mar 17 00:51:48 +0000 2021,1371987600584638464,@ernestorr Adem√°s se puede en todo caso revisar a que poblaci√≥n se da y dar otra vacuna en personas con antecedentes de trombosis por ejemplo. Tampoco el todo o nada. Cualquier intervenci√≥n sobre la salud tiene riesgos ü§∑,1371955886403506176,73102744,3017809004,['992420860907663361'],Apoyo,3017809004,95523.50254456831,15.0,0.31495166331500013,15.0,0.020695172918184946,7.39351686520895e-05,0.33116583450888737
133,33524608,1,Sun Mar 07 01:41:00 +0000 2021,1368376101127479306,"@ernestorr @LANACION Un cient√≠fico de tu nivel, que nunca opina en el aire sino con argumentos, deber√≠a ser orgullo de todxs lxs argentinxs se coincida o no con tus ideas o hip√≥tesis. Ojala que @LANACION abra un espacio para este debate que propones como corresponde.",1368314581592981505,73102744,33524608,['539035466'],Apoyo,33524608,0.0,1.0,0.21989094825398794,1.0,0.00011203244447340273,7.8183751600732e-06,0.22504639384320277
135,2687724840,1,Fri Mar 19 21:53:33 +0000 2021,1373029905148092419,"@MenendezPepe @DelaEmiliano @pbandurek Vos sos el campe√≥n internacional del contraf√°ctico, donde un laboratorio que no est√° alcanzando ni siquiera a satisfacer la demanda de los pa√≠ses ricos salvar√≠a la vacunaci√≥n ac√°. No lo hizo ni en Chile, insisto. Chile hace lo que a vos no te gusta.",1373029441337659394,1081612748,2687724840,[],Oposici√≥n,2687724840,75425861.55114636,3175.0,0.36615526177420565,3175.0,0.5000539630103343,0.01936766451801008,0.40859204406938465
136,2687724840,1,Mon Jan 25 01:30:53 +0000 2021,1353515652133347331,"@morhijo Igual me alegro mucho que ahora est√©s pidiendo que te vacunen cuando hace un mes estabas quej√°ndote de que √©ramos conejillos de indias y que nos iban a inyectar agua. 

https://t.co/BMSR2aCvd3",1353455828661989380,60909246,2687724840,[],Oposici√≥n,2687724840,75425861.55114636,3175.0,0.36615526177420565,3175.0,0.5000539630103343,0.01936766451801008,0.40859204406938465
137,2687724840,1,Thu Mar 11 13:55:09 +0000 2021,1370010408132698113,@MartinBauerr Tuvo dos meses para decir que no se la hab√≠an ofrecido por debajo de la mesa. Solo se vio obligada a explicar que no se la hab√≠an ofrecido debajo de la mesa cuando declar√≥ bajo juramente. Doblemente poco √©tica.,1370010077416062976,146886655,2687724840,[],Oposici√≥n,2687724840,75425861.55114636,3175.0,0.36615526177420565,3175.0,0.5000539630103343,0.01936766451801008,0.40859204406938465
138,2687724840,1,Mon Jan 11 17:33:27 +0000 2021,1348684458975756289,@FlaDeMiguel Es estrictamente cierto. Somos el pa√≠s 21 en mayor aplicaci√≥n de vacunas del mundo.,1348683711332626432,178960768,2687724840,[],Oposici√≥n,2687724840,75425861.55114636,3175.0,0.36615526177420565,3175.0,0.5000539630103343,0.01936766451801008,0.40859204406938465
139,2687724840,1,Thu Feb 04 22:45:35 +0000 2021,1357460320344768513,"@alejandroferron Exacto! Nunca ni se insinu√≥ que la vacuna fuera obligatoria, lo que hace a√∫n m√°s inequ√≠vocamente correcta la decisi√≥n de ANMAT",1357459062607216640,164350783,2687724840,[],Apoyo,2687724840,75425861.55114636,3175.0,0.36615526177420565,3175.0,0.5000539630103343,0.01936766451801008,0.40859204406938465
140,2687724840,1,Thu Feb 04 13:57:05 +0000 2021,1357327319715770369,"@ernestorr O bien (a) los datos estaban, eran buenos y confiar en los datos y en el an√°lisis de ANMAT era una decisi√≥n correcta o (b) los datos no estaban y le pegaron de orto a la eficacia exacta. Cient√≠ficamente, (b) es INSOSTENIBLE",1357109059665727490,73102744,2687724840,['145020013'],Oposici√≥n,2687724840,75425861.55114636,3175.0,0.36615526177420565,3175.0,0.5000539630103343,0.01936766451801008,0.40859204406938465
141,2687724840,1,Sat Mar 06 01:44:42 +0000 2021,1368014646922391557,"@BrisaBrightest @Luigi_Caballero Compradas. Chile recibi√≥ unas pocas miles de Pfizer y 10 millones de Sinovac. Est√° vacunando masivamente con Sinovac. Argentina solo no acord√≥ con Pfizer (que, de paso, tiene problemas de provisi√≥n en todo el mundo, y requiere una log√≠stica m√°s compleja por ser de ARN).",1368013236897976324,1363365006637686784,2687724840,[],Oposici√≥n,2687724840,75425861.55114636,3175.0,0.36615526177420565,3175.0,0.5000539630103343,0.01936766451801008,0.40859204406938465
142,60939248,1,Fri Feb 19 23:06:56 +0000 2021,1362901512033366021,"@rquiroga777 Fue p√©sima. En vez de hacer como China, cuarentena focalizada en lugares de transmisi√≥n y control estricto de fronteras, hizo lo contrario: dej√≥ que el virus se esparciera sin ning√∫n control de frontera y despu√©s someti√≥ a TODO el pa√≠s a una cuarentena salvaje y prolongad√≠sima.",1362898270889144326,367933714,60939248,[],Apoyo,60939248,38290.1046091905,6.0,0.258400312754693,6.0,0.0012302904795234962,3.178686374435105e-05,0.2672040694970083
143,1014284625592639489,1,Sun Feb 14 22:24:44 +0000 2021,1361078951892942849,@ernestorr Jam√°s habr√≠a q contradecir a los detractores de la Sputnik. S√≥lo de las otras para ellos cuando les toque,1361028430712745994,73102744,1014284625592639489,['1266499376148594689'],Apoyo,1014284625592639489,244046.0570209298,53.0,0.29300784419799836,53.0,0.023033596707525115,0.00022632948699955269,0.3096185714165908
144,1351621913446141953,1,Mon Feb 08 02:08:14 +0000 2021,1358598484400738305,"@NicoOlsze Se dice que la sinovac tienne un porcentaje de efectividad muy bajo, eso a chile se lo festejamos pero ac√° habria  sido una masacre",1358474898990108673,2687724840,1351621913446141953,[],Apoyo,1351621913446141953,131133.9220403877,9.0,0.3331482367413887,9.0,0.03284002046351189,4.9105746309822235e-05,0.3584726345123601
146,1190413307183869954,1,Wed Jan 13 12:52:56 +0000 2021,1349338642985136128,"@NicoOlsze @mlaroton No creas.
Siempre pueden caer m√°s bajo.",1349327184842936322,2687724840,1190413307183869954,[],Apoyo,1190413307183869954,186554.53704912786,30.0,0.29929315333430545,30.0,0.02259925912069975,0.000134791564645974,0.31883889162085255
148,3421061763,1,Thu Jan 21 00:54:32 +0000 2021,1352056955733483520,"@NicoOlsze Yo estoy entre esos. Hice hilos reclamando, llam√© al 147. No hay respuestas.",1352056103757094916,2687724840,3421061763,[],Apoyo,3421061763,3921530.232813366,129.0,0.37281313932811994,129.0,0.0813353746666152,0.0005519064500011263,0.3996251999632795
149,2381191612,1,Sat Mar 06 22:35:14 +0000 2021,1368329353394855942,"@ernestorr @LANACION Est√° bueno q se dediquen a eso! Habla de lo grande q sos, igual t√≥malo como halago q ellos digan eso",1368314581592981505,73102744,2381191612,[],Apoyo,2381191612,20.634194266584128,5.0,0.2574076396543872,5.0,0.0009145613872124861,2.537188076922237e-05,0.2663605749847009
150,176605247,1,Sat Mar 06 21:44:55 +0000 2021,1368316687842426880,@ernestorr @LANACION Una lastima Ernesto. Como me molestan las notas sin firmar en los diarios o revistas. La Naci√≥n hace rato que dejo de ser el diario de la derecha ilustrada para pasar a convertirse en la revista Caras de la derecha fr√≠vola y bruta. Actualmente es una letrina de doctrina.,1368314581592981505,73102744,176605247,"['1250066918733725697', '872516218565144580', '2415174325', '344403166', '138184383', '3289018349', '343039238', '4890818927', '134596543', '4189414594', '558650243', '953615537107537921']",Apoyo,176605247,241329.12726103704,31.0,0.3075618720128713,31.0,0.029527920278014663,0.00014462054574744472,0.329902163131652
151,1253116205788991489,1,Wed Mar 17 22:17:11 +0000 2021,1372311078152110081,"@ernestorr Como dir√≠a el Gato Silvestre... CONTUNDENTE
GRACIAS Ernesto!",1372310176896811015,73102744,1253116205788991489,[],Apoyo,1253116205788991489,0.0,1.0,0.2549590072832355,1.0,0.003219979913157725,9.049456139385521e-06,0.26223624905633436
152,73102744,1,Sat Jan 23 22:41:11 +0000 2021,1353110559818973190,@sitioclaudio_ok poderosos son los que hacen cosas como esa tipa.,1353110050408173571,732703538074226688,73102744,"['131011940', '1299206058200702976']",Apoyo,73102744,125953303.87852658,5362.0,0.3712903809351525,5362.0,0.9723623652465232,0.030865581881760012,0.43469314256553904
153,73102744,1,Sat Feb 13 17:06:53 +0000 2021,1360636576875839491,"@dichosoelarbol 1) es buena, siempre mucho mejor que no estar vacunado
2) aunque no sea igual de efectiva, es excelente (como todas) para evitar la enfermedad severa y muertes, que es lo principal",1360627892552663043,373063362,73102744,"['419578720', '1244107019562483712', '203215796', '2645904638', '2838925913', '867223140', '159916597']",Comentario,73102744,125953303.87852658,5362.0,0.3712903809351525,5362.0,0.9723623652465232,0.030865581881760012,0.43469314256553904
154,73102744,1,Wed Mar 17 03:20:09 +0000 2021,1372024930481606664,"@MdcSaxo Totalmente, y aun el 40% restante tiene protecci√≥n suficiente para casi eliminar la enfermedad severa, as√≠ que es muy buena.",1371976169483030530,378996603,73102744,"['3096238017', '501003454']",Apoyo,73102744,125953303.87852658,5362.0,0.3712903809351525,5362.0,0.9723623652465232,0.030865581881760012,0.43469314256553904
155,73102744,1,Sat Jan 02 16:53:12 +0000 2021,1345412842980323334,"@dichosoelarbol S√≠, porque c√≥mo inducen inmunidad es similar",1345410116158447628,373063362,73102744,"['758466578400833536', '992420860907663361']",Comentario,73102744,125953303.87852658,5362.0,0.3712903809351525,5362.0,0.9723623652465232,0.030865581881760012,0.43469314256553904
156,73102744,1,Sat Jan 02 16:02:19 +0000 2021,1345400034356064256,"@DesilvestreHe La respuesta debi√≥ ser en todo caso ""en ning√∫n lugar se aprob√≥ as√≠, pero no hay motivo t√©cnico (en principio) para no hacerlo"".  Pero ahora GB nos soluciono el problema",1345384940075175936,1581600392,73102744,"['992420860907663361', '1095821155754278913']",Comentario,73102744,125953303.87852658,5362.0,0.3712903809351525,5362.0,0.9723623652465232,0.030865581881760012,0.43469314256553904
157,770043118435598337,1,Fri Mar 12 03:35:53 +0000 2021,1370216952367624194,"@ernestorr Una alegr√≠a tenerte de vuelta Ernesto, c la buena info",1370184782303346689,73102744,770043118435598337,[],Apoyo,770043118435598337,6.712484525191244,2.0,0.2583951762523191,2.0,0.0009028282983812036,1.180662782921373e-05,0.267463079354875
158,990727302114930688,1,Thu Jan 14 14:07:55 +0000 2021,1349719901943037952,@ernestorr Es como juntar al padre Pepe y al Gordo Valor a discutir de √©tica.,1349487591771484164,73102744,990727302114930688,[],Apoyo,990727302114930688,1965.9373747872708,2.0,0.2902966464435925,2.0,0.01015222850345908,1.3087144375839961e-05,0.30383522438345345
159,180986917,1,Tue Feb 02 00:35:28 +0000 2021,1356400809316130817,@ernestorr @MarceloFigueras Nunca reconocer√° su barbarie.,1356396161720938496,73102744,180986917,[],Apoyo,180986917,43515.858323461405,17.0,0.27317431963854155,17.0,0.004559239214607799,7.251528788313655e-05,0.279481956354547
160,26952449,1,Thu Mar 18 20:58:59 +0000 2021,1372653784518823937,"@ernestorr De esto hablabaqs, Ernesto.
https://t.co/mjjYC4ArYd",1372310172266299393,73102744,26952449,[],Apoyo,26952449,21167.839669498248,6.0,0.2983520519019494,6.0,0.022454444789067156,3.161090380512241e-05,0.3210854185137195
161,26952449,1,Fri Mar 12 01:19:40 +0000 2021,1370182672954368003,"@PabloNepomnasc1 @ernestorr Ay, si, por favor @ernestorr, antes de ayer me aplicaron la primera dosis de covishield que, tengo entendido, es AstraZeneca fabricada en India.",1370126933095190529,1204470723848200192,26952449,[],Comentario,26952449,21167.839669498248,6.0,0.2983520519019494,6.0,0.022454444789067156,3.161090380512241e-05,0.3210854185137195
162,1255347170,1,Tue Jan 12 05:15:02 +0000 2021,1348861019007950849,@ernestorr De conspiraci√≥n en conspiraci√≥n. Un gui√≥n berretabparabmuchod,1348786384069406727,73102744,1255347170,[],Apoyo,1255347170,0.0,1.0,0.27076173217521715,1.0,0.009731960881970352,8.661746981186737e-06,0.28654820831829103
163,983848121754058752,1,Sat Mar 06 17:24:01 +0000 2021,1368251031180746759,"@NicoOlsze Es comunicaci√≥n pol√≠tica, una noticia tapa la otra. Ac√° funciona bien la indignaci√≥n y que la gente se  sienta avergonzada. Los ricos juegan la l√≥gica de cubrirse en sus errores y mostrar lo lindos que son. Los otros son m√°s f√°cil de disciplinar/autodisciplinar ü§∑‚Äç‚ôÄÔ∏è",1368058819314585602,2687724840,983848121754058752,[],Apoyo,983848121754058752,0.0,1.0,0.25873977401654735,1.0,0.003618449744107525,1.0229632525588108e-05,0.2691019396276564
165,1163194886352461824,1,Tue Jan 12 00:20:01 +0000 2021,1348786777675464712,@ernestorr Eso: es mala y no nos quieren dar las 2 dosis. La misma cr√≠tica a la vez.,1348786384069406727,73102744,1163194886352461824,[],Apoyo,1163194886352461824,9971.694499829522,7.0,0.32233187859551676,7.0,0.028063188174218073,3.3234367457760936e-05,0.34322225133683415
166,33024510,1,Tue Jan 05 22:31:05 +0000 2021,1346585034006925314,@rquiroga777 El mundo en jaque. Y todav√≠a hay pelotudos dando vueltas ayudando a promover variantes y mutaciones m√°s contagiosas del virus.,1346514002919251972,367933714,33024510,[],Apoyo,33024510,0.0,1.0,0.27650583188570216,1.0,0.007162230322151122,8.619753751274216e-06,0.2883822158728969
167,367933714,1,Fri Feb 12 23:52:59 +0000 2021,1360376387455111170,@microagencia Entiendo q es m√©dico (creo que reumat√≥logo) en EEUU.,1360357667336826883,135951915,367933714,[],Comentario,367933714,91794534.89275075,3849.0,0.38217740275776907,3849.0,0.7156094543484466,0.021966059743030338,0.4314544873707683
168,367933714,1,Tue Feb 23 17:11:32 +0000 2021,1364261624975130624,"@rodmasf En realidad no. La inoculaci√≥n con una vacuna genera anticuerpos, y la segunda dosis refuerza esa respuesta inmune. Lo que no sab√≠amos con certeza era si esos anticuerpos iban a prevenir la infecci√≥n, o si podr√≠an infectarse y contagiar, pero previniendo la enfermedad.",1364256737239384075,205737695,367933714,[],Comentario,367933714,91794534.89275075,3849.0,0.38217740275776907,3849.0,0.7156094543484466,0.021966059743030338,0.4314544873707683
169,367933714,1,Sat Jan 16 19:56:18 +0000 2021,1350532351512686597,"@gabrielsanca Simplemente que la mayor√≠a de los farmac√©uticos sabe aplicarlas (algunas son intramusculares) y que hay una por barrio, lo cu√°l simplifica log√≠stica",1350527973653409793,351703660,367933714,['1249752252740403200'],Comentario,367933714,91794534.89275075,3849.0,0.38217740275776907,3849.0,0.7156094543484466,0.021966059743030338,0.4314544873707683
170,367933714,1,Wed Mar 17 22:26:12 +0000 2021,1372313344598802433,@EZEALBO Ojo que no hablamos de dar una sola dosis sino de demorar la segunda si eso sirve para aplicar antes la primera dosis a todos los &gt;60,1372312915907338244,51265942,367933714,[],Comentario,367933714,91794534.89275075,3849.0,0.38217740275776907,3849.0,0.7156094543484466,0.021966059743030338,0.4314544873707683
171,367933714,1,Mon Mar 08 18:11:15 +0000 2021,1368987695821754372,"@VarelaSafi Se recomienda al menos dos semanas entre una vacuna y otra, obviamente priorizando la de covid.",1368931051058380801,1151290751344664582,367933714,[],Comentario,367933714,91794534.89275075,3849.0,0.38217740275776907,3849.0,0.7156094543484466,0.021966059743030338,0.4314544873707683
172,367933714,1,Mon Jan 11 15:05:37 +0000 2021,1348647256048730112,"@Epicmosquito Creo que hay muy poca sino nula informaci√≥n sobre usar la segunda dosis de Sputnik c√≥mo primera.

Pero Sputnik no es la √∫nica vacuna que va a llegar. Est√°n pronto a llegar las primeras dosis de Sinovac y AstraZeneca.",1348646512167890946,899942869808623616,367933714,"['4691081492', '173161966', '205498485']",Comentario,367933714,91794534.89275075,3849.0,0.38217740275776907,3849.0,0.7156094543484466,0.021966059743030338,0.4314544873707683
175,146631761,1,Sat Mar 13 14:55:24 +0000 2021,1370750348189691904,"@ernestorr Simplemente, no tendr√≠amos ni una vacuna.",1370749927513554945,73102744,146631761,[],Apoyo,146631761,29863.20469481401,7.0,0.30953930657861317,7.0,0.022377155478095507,3.6088684053410464e-05,0.3334408079169488
176,867223140,1,Mon Mar 01 07:08:40 +0000 2021,1366284236462968832,"@ernestorr Como siempre,  gracias por aclarar e informar con claridad.",1366174247425556483,73102744,867223140,[],Apoyo,867223140,26323.859577265364,12.0,0.31630045988758304,12.0,0.022696503995990356,5.5096652277404773e-05,0.33470091974076743
178,441003091,1,Thu Mar 11 00:06:48 +0000 2021,1369801947084111873,"@ernestorr Hermoso hilo, te admiro por tu claridad durante toda esta pandemia para escribir e informar en una lucha incansable contra los intereses pol√≠ticos, contra los anticiencias, yo y seguramente muchos fuimos replicadores de tus palabras en las redes a modo de combatir tanta maldad...",1369783030517207043,73102744,441003091,[],Apoyo,441003091,84.84724295823237,4.0,0.27139675690723086,4.0,0.002020353829371811,1.9065045175569263e-05,0.27750646402943097
180,910956876686381058,1,Sat Mar 06 01:37:54 +0000 2021,1368012932643229702,"@ernestorr s√≠, es incre√≠ble... y es como dec√≠s vos, estad√≠sticamente no tiene ning√∫n sentido lo de la vacunaci√≥n VIP (s√≠ a nivel moral).
Y la mujer no quiso vacunarse por las mentiras que dijeron al principio que le infundieron miedo contra la vacuna",1368011989566558208,73102744,910956876686381058,['2990717458'],Apoyo,910956876686381058,1291.186890816778,4.0,0.2871163205053636,4.0,0.017273316901512566,2.2645018932950816e-05,0.30704160429969496
182,707321641202814978,1,Sun Jan 03 01:45:44 +0000 2021,1345546856173096962,@rquiroga777 No entiendo como una persona con dos dedos de frente le da bola a esas cadenas an√≥nimas de WhatsApp... Por dios,1345521373037342720,367933714,707321641202814978,[],Apoyo,707321641202814978,10472.435216098684,3.0,0.3097655132971118,3.0,0.024745362274937715,1.892671628554768e-05,0.33283948268620106
183,992317206,1,Thu Mar 11 16:33:47 +0000 2021,1370050331506307080,"@rquiroga777 En Argentina se prob√≥ en personas de hasta 85 a√±os, hay datos, ojala funcione y la aprueben pronto!",1370044175152992258,367933714,992317206,[],Apoyo,992317206,33042.807249577956,10.0,0.31369252549953347,10.0,0.008001193170368485,4.6346455083620235e-05,0.32010681053251167
184,71009257,1,Sun Feb 21 19:03:10 +0000 2021,1363564939978375168,@ernestorr Ser√° el problema de tener de funcionarios p√∫blicos a due√±os y socios de grandes empresas?,1363563645616218112,73102744,71009257,['885810670717079552'],Apoyo,71009257,5762.692108057928,7.0,0.27159522234216665,7.0,0.0024796974704192035,3.248041641785977e-05,0.27774100569654553
185,169360051,1,Sun Mar 07 03:41:03 +0000 2021,1368406311503814659,"@ernestorr @LANACION Les molesta que se diga la verdad, ellos, el diario de los genocidas no tienen credibilidad mas alla del fascismo al que se dirigen.",1368314581592981505,73102744,169360051,[],Apoyo,169360051,79.48031000723213,2.0,0.27547257777401035,2.0,0.0013239700479235907,1.2664861689870522e-05,0.281210343882813
186,1349480766749757448,1,Fri Mar 12 12:10:49 +0000 2021,1370346538644471808,"@ernestorr Que maldad..!!
Si no usas hay que dar!!",1370163130454716419,73102744,1349480766749757448,[],Apoyo,1349480766749757448,0.0,1.0,0.27650583188570216,1.0,0.007162230322151123,8.619753751274216e-06,0.2883822158728969
187,539465072,1,Tue Jan 05 01:07:34 +0000 2021,1346262029678637056,@ernestorr @fedkukso decia @mashagessen que el salto de la cr√≠tica concreta y fundada al r√©gimen de Putin a la rusofobia gen√©rica e histri√≥nica solo beneficia a este en su rol de l√≠der carism√°tico nacionalista. No hay mejores bots putinistas que estos 'occidentalistas' rus√≥fobos ahora anti-Sputnik.,1346253328041308160,73102744,539465072,['1032043587247243265'],Apoyo,539465072,39040.43205383479,6.0,0.2888795057558114,6.0,0.011760205329392969,3.0429034054315167e-05,0.3049042868988111
189,1169225200740831233,1,Sun Mar 14 01:00:08 +0000 2021,1370902530746683393,"@ernestorr Siempre claro, y comunicando a favor de la vida. Gracias Ernesto. Saludos !",1370897159562924036,73102744,1169225200740831233,[],Apoyo,1169225200740831233,73851.14901095838,9.0,0.3285396552595663,9.0,0.03985096985725681,4.552481305178347e-05,0.355971734154702
190,179669951,1,Fri Feb 26 02:09:56 +0000 2021,1365121893213364236,"@ernestorr Es muy complicado intentar descifrar logicamente la cabeza de esta gente. SON VENDEDORES Y CUIDAN A SU CLIENTELA, COMO LOS VIEJOS POLITICOS, QUE SE DEDICABAN A RECORRER EL ESPINEL DE AFILIADOS CICLICAMENTE.",1365098631007784963,73102744,179669951,['2649509616'],Apoyo,179669951,43.286864569581084,5.0,0.2607814683794863,5.0,0.0006895854766291078,2.3237847005179473e-05,0.2654857025602358
191,910597284320116738,1,Wed Mar 17 20:16:50 +0000 2021,1372280787811364874,@NicoOlsze Eso es habitual en los pa√≠ses serios...,1372247777250512901,2687724840,910597284320116738,[],Apoyo,910597284320116738,887.3427551025449,2.0,0.27358252304583913,2.0,0.0051475370451532975,1.3799306559853672e-05,0.2843396998489345
192,268488742,1,Tue Jan 12 02:06:08 +0000 2021,1348813481122869250,"@ernestorr Un revoltijo, como el m√©dico de mi suegro del que ya habl√©, que le dijo que el virus no existe, y unos segundos despu√©s afirm√≥ que fue creado.",1348786384069406727,73102744,268488742,[],Apoyo,268488742,317223.0376740136,31.0,0.34059110202798304,31.0,0.04574690424133668,0.00014063495074608093,0.3677697692812775
193,4696317872,1,Thu Feb 25 01:47:33 +0000 2021,1364753870166048772,"@RubinsteinOk Qu√© suerte que nos sacamos a Rubistein, ya no puede hacer tanto da√±o como antes. 
Merece ir preso.",1364366041816662019,931564592328781824,4696317872,[],Oposici√≥n,4696317872,6803.468494216625,3.0,0.2837713936430318,3.0,0.01485691149559926,1.8418533704337315e-05,0.3034905758579806
194,4696317872,1,Wed Feb 03 00:32:24 +0000 2021,1356762425756909568,"@ernestorr Lucas Llach es un ignorante extremo. Soberbio enfermizo. Un peligro social, solo pudo ser funcionario en un gobierno que vino a destruirnos. Y ahora desde la oposici√≥n lo siguen intentando.",1356758801202905088,73102744,4696317872,[],Apoyo,4696317872,6803.468494216625,3.0,0.2837713936430318,3.0,0.01485691149559926,1.8418533704337315e-05,0.3034905758579806
197,1442236609,1,Thu Mar 18 23:30:22 +0000 2021,1372691882120216577,"@rquiroga777 ""HACERSE"" ..... ""HACERSE"".... ""HACERSE"" Peretta ü§¶‚Äç‚ôÄÔ∏è https://t.co/hiy7zrLV5g",1372614797871755271,367933714,1442236609,[],Apoyo,1442236609,50148.00089156655,7.0,0.3205540257284945,7.0,0.03053453811867391,3.71516388620637e-05,0.3450924825821698
198,1954572703,1,Fri Feb 26 01:32:06 +0000 2021,1365112370452955136,"@ernestorr Que claridad hermano, c√≥mo no agarraste el ministerio?!",1365098631007784963,73102744,1954572703,['974830959949500421'],Apoyo,1954572703,0.0,1.0,0.2300775834095401,1.0,0.0001693480102923915,7.862242035920703e-06,0.23596937707212942
199,1061643374,1,Fri Jan 22 15:57:33 +0000 2021,1352646594018111488,@rquiroga777 No se c√≥mo lo dejan estar en los medios a un tipo como este. Habr√≠a que averiguar lonque hizo el el  Garrahan y por qu√© lo hecharon? @DrCKambourian,1352579840625545216,367933714,1061643374,[],Apoyo,1061643374,1294.080339991182,2.0,0.28133521866478134,2.0,0.010583807275338641,1.3033004992269887e-05,0.2949178550789339
205,1345902409692930048,1,Sun Mar 07 03:24:47 +0000 2021,1368402221482840066,"@kike0607 @ernestorr Ojo que Kike te faja, es re malo.",1368393968837353473,134366757,1345902409692930048,[],Oposici√≥n,1345902409692930048,39220.39360401292,7.0,0.27143831611771585,7.0,0.002246506291521986,3.478827761026334e-05,0.27747215472039
206,1345902409692930048,1,Tue Jan 19 16:33:02 +0000 2021,1351568359117217797,"@NicoOlsze Pero a la de Pfizer, que mat√≥ a m√°s viejos que Cavallo, se la ponen con una venda en los ojos. Pelotudos irrecuperables",1351538209243729922,2687724840,1345902409692930048,"['50678035', '992420860907663361']",Apoyo,1345902409692930048,39220.39360401292,7.0,0.27143831611771585,7.0,0.002246506291521986,3.478827761026334e-05,0.27747215472039
207,206371045,1,Sat Jan 02 15:36:15 +0000 2021,1345393475072753666,@ernestorr @cacerolapop Me gustar√≠a ver qu√© alguien acuse al gobierno brit√°nico de improvisado como hacen algunos ac√° con el gobierno argentino.,1345383593376436224,73102744,206371045,['992420860907663361'],Apoyo,206371045,5757763.313186445,43.0,0.39769320198250013,43.0,0.04823895598194216,0.00018284213386698665,0.41380670009676396
208,2846083090,1,Tue Mar 09 00:22:30 +0000 2021,1369081122840338433,"@NicoOlsze Jajajajaüëèüèºüëèüèºüëèüèºüëèüèº
Peroooo....vooo deciiii?????
En CABA ma√±ana empiezan a anotar a los maestros ü§∑üèΩ‚Äç‚ôÇÔ∏è
Nadie se indign√≥ ü§ì",1369024105752723458,2687724840,2846083090,[],Apoyo,2846083090,0.0,1.0,0.2272367056300768,1.0,0.00013241222934220348,1.0237763711514685e-05,0.2324820616454604
209,1136447223628271622,1,Wed Jan 20 16:43:57 +0000 2021,1351933495828951042,@NicoOlsze No hay boludez mas grande que hablar mal de las vacunas en gral. La historia de la vacuna de la fiebre amarilla hasta su f√≥rmula actual llevo m√°s de 20 a√±os y a√∫n actualmente est√° contraindicada para personas mayores de 60 a√±os. igualmente entre esos a√±os se aplic√≥ y salvo vidas,1351866591680622596,2687724840,1136447223628271622,"['2993588327', '1048645724047589376', '200364986']",Apoyo,1136447223628271622,119061.09502228964,5.0,0.2708614055315543,5.0,0.009896176268489014,4.025082307989295e-05,0.2867630378366201
210,312855179,1,Mon Feb 15 22:19:52 +0000 2021,1361440113562177537,@NicoOlsze Adem√°s a√∫n no se di√≥ la 2da dosis,1361364579985616896,2687724840,312855179,[],Apoyo,312855179,0.0,1.0,0.2216494259406616,1.0,0.00010032326928022437,1.0422597333510142e-05,0.22553925738734626
211,4160782817,1,Tue Jan 12 02:15:56 +0000 2021,1348815947562426368,"@ernestorr üòÇüòÇüòÇüòÇüòÇüòÇ

Son cabezas de frascos
Hoy hasta Duggan les dijo ""PELOTUDOS"" en c5n",1348787460893978624,73102744,4160782817,['2533109552'],Apoyo,4160782817,1609569.7574217662,126.0,0.3505222284142593,126.0,0.07211519576483727,0.0005525918079606272,0.38003826370382393
212,1354449413414989835,1,Mon Mar 15 14:29:38 +0000 2021,1371468636049833985,@ernestorr @AndrealebuPJ Gracias por la info,1371296315842387972,73102744,1354449413414989835,[],Apoyo,1354449413414989835,909.7071710328875,6.0,0.2708519992498906,6.0,0.0017180149397484326,2.686729956239326e-05,0.2766105034944083
213,1565605044,1,Thu Jan 14 03:22:50 +0000 2021,1349557561469652992,@ernestorr @Peronista18 El di√≥xido de cloro es un producto qu√≠mico que ni siquiera califica como medicinal. Tenembaum qued√≥ embelesado con el consejo de Trump de tomar lavandina. Periodismo centrocoreano...,1349487591771484164,73102744,1565605044,[],Apoyo,1565605044,876.6938251544904,17.0,0.27288949224654313,17.0,0.005163095697183615,7.364057656715453e-05,0.27914936245113625
214,1565605044,1,Tue Feb 02 21:46:26 +0000 2021,1356720659553001483,@rquiroga777 Toda la caterva de pseudo cient√≠ficos devenidos en opinadores y especialistas en todolog√≠a deber√≠an exhibir su t√≠tulo universitario o promedio de la carrera...,1356719825058430977,367933714,1565605044,[],Apoyo,1565605044,876.6938251544904,17.0,0.27288949224654313,17.0,0.005163095697183615,7.364057656715453e-05,0.27914936245113625
215,1565605044,1,Fri Jan 08 03:24:06 +0000 2021,1347383551768068098,@ernestorr Al ser elaborada en base a virus inactivo es m√°s susceptible a las mutaciones?,1347375920190009344,73102744,1565605044,[],Pregunta,1565605044,876.6938251544904,17.0,0.27288949224654313,17.0,0.005163095697183615,7.364057656715453e-05,0.27914936245113625
216,1146448109070966784,1,Wed Feb 24 02:23:11 +0000 2021,1364400451383345159,@ernestorr @silvinacas1 Factor humano. En todos lados ser√°  igual,1364356398440710145,73102744,1146448109070966784,['992420860907663361'],Apoyo,1146448109070966784,870560.5248421459,77.0,0.36143137836435085,77.0,0.05430686526454806,0.0003259903941756237,0.38159549354579264
217,210152430,1,Wed Jan 06 22:13:26 +0000 2021,1346942981639696384,"@81ef7ee82bd4478 @morhijo @norabar Que pesadoüôÑ ya sac√≥ la cuenta de cu√°nto es en % 11 en 1 millon? mientras espera sentado h√°gase un t√© de cloro de esos que le recomienda Canosa, yo milito tranqui por el cuidado, las vacunas(todas), y la vida, ud haga lo suyo, quien le dice en unos meses vemos quien tiene raz√≥nüëã",1346928716069400578,2878886679,210152430,[],Oposici√≥n,210152430,62862.498007537084,18.0,0.31753153167824255,18.0,0.02493358323988398,8.48422927570661e-05,0.335842489461958
218,210152430,1,Sun Mar 07 03:37:53 +0000 2021,1368405517601812480,"@ernestorr @LANACION Entiendo la indignaci√≥n de verse atacado con una tan pobre nota y obvio sin q el/la cagon/a q la escribio firme, pero convengamos 2 cosas, no sorprende viniendo de la @LANACION y dos y m√°s importante entre que la naci√≥n te ataque o te alabe el lado correcto es el de ser atacado",1368314581592981505,73102744,210152430,['1163957624368521217'],Apoyo,210152430,62862.498007537084,18.0,0.31753153167824255,18.0,0.02493358323988398,8.48422927570661e-05,0.335842489461958
219,332305405,1,Tue Jan 12 12:59:15 +0000 2021,1348977844785975297,@rquiroga777 Habr√° aulas vacias. Muchos padres con una circulaci√≥n de mas de mil casos diarios no llevaremos a los chicos a contagiarse.,1348977587155042304,367933714,332305405,"['121289133', '210962297']",Apoyo,332305405,104525.34916493879,23.0,0.32030653229184636,23.0,0.036026850745350954,0.00010100414894160098,0.3472162497503127
220,997060027147055104,1,Sun Mar 07 09:25:04 +0000 2021,1368492886380187648,@ernestorr No nos olvidamos pedazo de sorete https://t.co/BbVfGkYOvu,1368374365956538370,73102744,997060027147055104,[],Apoyo,997060027147055104,4.228001750984418,2.0,0.23381458875445182,2.0,0.00019384858721949508,1.2543443208828496e-05,0.24075142272461703
222,1183974626,1,Sat Mar 06 21:52:52 +0000 2021,1368318691792797698,@ernestorr @LANACION Hay que pegarle al chancho...,1368314581592981505,73102744,1183974626,[],Apoyo,1183974626,22129.824556319883,8.0,0.329795511053228,8.0,0.036212218774199896,4.0216701594796795e-05,0.35342728161402126
223,15750760,1,Sat Feb 06 16:55:07 +0000 2021,1358096900235395079,@ernestorr Ac√° los ignorantes dicen que dos pa√≠ses en la vanguardia tecnol√≥gica no pueden crear una vacuna,1358094824239464453,73102744,15750760,['1218297326709723136'],Apoyo,15750760,0.0,1.0,0.25271364045803013,1.0,0.00031020239659831765,8.178296677755424e-06,0.2582942081580746
224,882731195834003457,1,Sun Mar 07 13:49:59 +0000 2021,1368559556733902852,"@ernestorr @LANACION Y quitaron vacuna del calendario y provocaron epidemia de sarampi√≥n luego de 20 a√±os. Los que quitaron medicamentos gratis a jubilados. Los que desmantelaron programas sanitarios como el Remediar por la mitad y podemos seguir. Por favor un poco de dignidad, hagan silencio",1368314581592981505,73102744,882731195834003457,[],Apoyo,882731195834003457,0.0,1.0,0.26012393524416844,1.0,0.000498179812142083,7.614154924599754e-06,0.2647774411657797
225,1249892637085237258,1,Wed Feb 03 03:47:13 +0000 2021,1356811453261578242,"@ernestorr que sabr√° de las ramas de ciencias naturales, de la salud o qu√≠mica ese tipo. los economistas ya se parecen a los abogados opinando de cualquier cosa, son patos un poco de cada cosa, pero ninguna bien.",1356758801202905088,73102744,1249892637085237258,[],Apoyo,1249892637085237258,19632.89641332705,5.0,0.29983623069175236,5.0,0.0017741255779898752,2.2338462069459713e-05,0.30218248484350796
